benchmark_id,family_role,property,group,score,abs_share
M1,magic_axis,magic,E,0.0,0.0
M1,magic_axis,magic,M,0.03561764004321615,0.2936451936599354
M1,magic_axis,magic,X,0.08567717700890363,0.7063548063400646
M1,magic_axis,entanglement,E,0.0,0.0
M1,magic_axis,entanglement,M,7.512509133296894e-16,0.4068136272545091
M1,magic_axis,entanglement,X,-1.0954200509634876e-15,0.5931863727454909
M2,magic_axis,magic,E,0.0,0.0
M2,magic_axis,magic,M,0.3616617643352467,0.9999999999999984
M2,magic_axis,magic,X,-5.329070518200752e-16,1.4734956923068312e-15
M2,magic_axis,entanglement,E,0.0,0.0
M2,magic_axis,entanglement,M,5.94092676288306e-16,0.5008319467554077
M2,magic_axis,entanglement,X,-5.921189464667502e-16,0.4991680532445924
M3,magic_axis,magic,E,0.0,0.0
M3,magic_axis,magic,M,0.6037782898064765,1.0
M3,magic_axis,magic,X,0.0,0.0
M3,magic_axis,entanglement,E,0.0,0.0
M3,magic_axis,entanglement,M,3.2196467714129544e-16,1.0
M3,magic_axis,entanglement,X,0.0,0.0
M4,magic_axis,magic,E,0.0,0.0
M4,magic_axis,magic,M,0.6764183389674073,0.7972563755926817
M4,magic_axis,magic,X,0.17201431039780707,0.20274362440731838
M4,magic_axis,entanglement,E,0.0,0.0
M4,magic_axis,entanglement,M,6.483702463810913e-16,1.0
M4,magic_axis,entanglement,X,0.0,0.0
M5,magic_axis,magic,E,0.0,0.0
M5,magic_axis,magic,M,0.7893555828506102,0.7370634181437429
M5,magic_axis,magic,X,0.28159104591922146,0.2629365818562571
M5,magic_axis,entanglement,E,0.0,0.0
M5,magic_axis,entanglement,M,0.0,0.0
M5,magic_axis,entanglement,X,0.0,0.0
E1,entanglement_axis,magic,E,0.0,0.0
E1,entanglement_axis,magic,M,0.0864421287193354,1.0
E1,entanglement_axis,magic,X,0.0,0.0
E1,entanglement_axis,entanglement,E,0.7223156873296359,0.6703858693396818
E1,entanglement_axis,entanglement,M,-0.35514689111209646,0.32961413066031814
E1,entanglement_axis,entanglement,X,0.0,0.0
E2,entanglement_axis,magic,E,-2.9605947323337513e-17,1.09773595111696e-16
E2,entanglement_axis,magic,M,0.2697000794518307,0.9999999999999998
E2,entanglement_axis,magic,X,0.0,0.0
E2,entanglement_axis,entanglement,E,0.11059894876233765,0.27798479894286704
E2,entanglement_axis,entanglement,M,0.28726075141885304,0.7220152010571329
E2,entanglement_axis,entanglement,X,0.0,0.0
E3,entanglement_axis,magic,E,0.0,0.0
E3,entanglement_axis,magic,M,-7.401486830834375e-18,3.750867429036902e-17
E3,entanglement_axis,magic,X,0.19732733749896436,1.0
E3,entanglement_axis,entanglement,E,0.15326232094642442,0.4285714285714286
E3,entanglement_axis,entanglement,M,0.0,0.0
E3,entanglement_axis,entanglement,X,0.20434976126189924,0.5714285714285715
E4,entanglement_axis,magic,E,0.0,0.0
E4,entanglement_axis,magic,M,0.0,0.0
E4,entanglement_axis,magic,X,0.0,0.0
E4,entanglement_axis,entanglement,E,0.6666666666666659,1.0
E4,entanglement_axis,entanglement,M,0.0,0.0
E4,entanglement_axis,entanglement,X,0.0,0.0
E5,entanglement_axis,magic,E,-1.232595164407831e-32,1.1321276921052998e-31
E5,entanglement_axis,magic,M,0.09871939626643542,0.9067288716392276
E5,entanglement_axis,magic,X,0.010154821103488856,0.09327112836077253
E5,entanglement_axis,entanglement,E,0.44835332913000614,0.6005441047253264
E5,entanglement_axis,entanglement,M,0.296494382338979,0.39713757393829996
E5,entanglement_axis,entanglement,X,0.0017308089130800026,0.002318321336373638
I11,interior,magic,E,0.0,0.0
I11,interior,magic,M,-2.6645352591003756e-16,2.000813302760165e-15
I11,interior,magic,X,0.1331726081301332,0.9999999999999979
I11,interior,entanglement,E,0.04542310425339872,0.5833333333333319
I11,interior,entanglement,M,-1.1102230246251565e-16,1.425772430886972e-15
I11,interior,entanglement,X,0.03244507446671344,0.41666666666666663
I12,interior,magic,E,-0.003941100956406226,0.020121454304904873
I12,interior,magic,M,0.1892971101399052,0.9664642428251574
I12,interior,magic,X,-0.00262740063760436,0.013414302869937651
I12,interior,entanglement,E,0.3165583431089467,0.8197905036340302
I12,interior,entanglement,M,0.06958707051280473,0.1802094963659692
I12,interior,entanglement,X,-2.664535259100376e-16,6.900341594398474e-16
I13,interior,magic,E,0.0,0.0
I13,interior,magic,M,0.006373092301299469,0.047309437025969486
I13,interior,magic,X,0.12833771175669637,0.9526905629740304
I13,interior,entanglement,E,0.17088821807770957,0.30821917808219224
I13,interior,entanglement,M,0.19367331382140363,0.3493150684931502
I13,interior,entanglement,X,0.1898757978641215,0.3424657534246576
I14,interior,magic,E,-0.08815657836176918,0.18201847416623876
I14,interior,magic,M,0.29331930055928457,0.6056216396264169
I14,interior,magic,X,-0.1028517629053202,0.21235988620734433
I14,interior,entanglement,E,0.3451097642997188,0.5287353185066638
I14,interior,entanglement,M,0.03011762957300303,0.046142578716253525
I14,interior,entanglement,X,0.27748059104954753,0.4251221027770827
I15,interior,magic,E,1.554312234475219e-16,1.0988168860552807e-15
I15,interior,magic,M,0.013718487192753846,0.09698247909385134
I15,interior,magic,X,0.12773476622921995,0.9030175209061475
I15,interior,entanglement,E,0.42168242241620474,0.5952081455159028
I15,interior,entanglement,M,0.002266043935378888,0.0031985393194862155
I15,interior,entanglement,X,0.2845136499568334,0.401593315164611
I21,interior,magic,E,0.04753552807706952,0.10661762804634761
I21,interior,magic,M,0.335028597868778,0.7514369962304794
I21,interior,magic,X,-0.06328642380006705,0.14194537572317295
I21,interior,entanglement,E,0.13138392543395178,0.28026717983466615
I21,interior,entanglement,M,-0.17982422617016527,0.3835996570219655
I21,interior,entanglement,X,0.15757283627843538,0.3361331631433684
I22,interior,magic,E,0.0,0.0
I22,interior,magic,M,0.3204045433237751,0.7834078653697237
I22,interior,magic,X,0.08858361914835232,0.21659213463027624
I22,interior,entanglement,E,0.17779575072848125,0.5246543026901568
I22,interior,entanglement,M,0.16108596589298965,0.4753456973098426
I22,interior,entanglement,X,-2.072416312633626e-16,6.115456252095485e-16
I23,interior,magic,E,-1.1842378929335003e-16,3.009147978504581e-16
I23,interior,magic,M,0.05365701581027149,0.13634245418216281
I23,interior,magic,X,0.3398888986455593,0.8636575458178369
I23,interior,entanglement,E,0.6388888888888883,0.8949416342412458
I23,interior,entanglement,M,-0.052777777777777514,0.07392996108949391
I23,interior,entanglement,X,-0.02222222222222186,0.031128404669260243
I24,interior,magic,E,0.05411263793429553,0.1219383632074029
I24,interior,magic,M,0.329347689308608,0.7421578339831634
I24,interior,magic,X,0.06031008684947077,0.13590380280943368
I24,interior,entanglement,E,0.38559341871493985,0.5173253249215051
I24,interior,entanglement,M,0.3597662227707084,0.48267467507849404
I24,interior,entanglement,X,-6.957397620984315e-16,9.334282719033255e-16
I25,interior,magic,E,-0.1531658299251613,0.22691695671994666
I25,interior,magic,M,0.521820438792489,0.7730830432800534
I25,interior,magic,X,0.0,0.0
I25,interior,entanglement,E,0.9678723172730068,0.9578096325089325
I25,interior,entanglement,M,-0.04263361670649972,0.04219036749106744
I25,interior,entanglement,X,0.0,0.0
I31,interior,magic,E,-0.024164636473134986,0.036694925654530815
I31,interior,magic,M,0.24386210827457463,0.3703139479479093
I31,interior,magic,X,0.39050126810715,0.5929911263975599
I31,interior,entanglement,E,0.03687797488447127,0.381359230044066
I31,interior,entanglement,M,0.04601380311160963,0.47583384339880863
I31,interior,entanglement,X,0.013809631014551987,0.14280692655712532
I32,interior,magic,E,0.20759199732101447,0.35223868383853213
I32,interior,magic,M,0.324636433042815,0.5508377556780767
I32,interior,magic,X,0.05712193586731292,0.09692356048339128
I32,interior,entanglement,E,0.23009591543511404,0.5863961615324454
I32,interior,entanglement,M,0.1622939577076396,0.4136038384675541
I32,interior,entanglement,X,1.776356839400251e-16,4.527020091453791e-16
I33,interior,magic,E,0.10338400746599466,0.20188404470269672
I33,interior,magic,M,0.22014498512286068,0.42989008751896823
I33,interior,magic,X,0.18856698616093875,0.36822586777833505
I33,interior,entanglement,E,0.2499398643817547,0.5358963148517821
I33,interior,entanglement,M,-9.621932880084693e-17,2.0630395975220787e-16
I33,interior,entanglement,X,0.21645607351694657,0.46410368514821765
I34,interior,magic,E,-7.302800339756585e-17,1.0899553110147013e-16
I34,interior,magic,M,0.48473978330891726,0.7234823310194463
I34,interior,magic,X,0.18526936898907867,0.27651766898055374
I34,interior,entanglement,E,0.3743608778736489,0.5940302413935973
I34,interior,entanglement,M,0.21858969425756056,0.3468548572262853
I34,interior,entanglement,X,0.037254511359820934,0.05911490138011743
I35,interior,magic,E,-0.08675483033533177,0.10994811512420055
I35,interior,magic,M,0.6670340455758502,0.8453608375609575
I35,interior,magic,X,0.03526358067100698,0.04469104731484208
I35,interior,entanglement,E,0.5387097666349439,0.5626278078113531
I35,interior,entanglement,M,0.38842252680171757,0.4056680021305211
I35,interior,entanglement,X,0.03035640363031871,0.031704190058125734
I41,interior,magic,E,0.17185100503721462,0.1900738980062049
I41,interior,magic,M,0.5799054056128113,0.6413979417567386
I41,interior,magic,X,0.15237091477371328,0.16852816023705655
I41,interior,entanglement,E,0.40015919569956476,0.5830053769004526
I41,interior,entanglement,M,-0.2862138834425358,0.41699462309954677
I41,interior,entanglement,X,4.144832625267251e-16,6.038745911258473e-16
I42,interior,magic,E,0.042106152262189146,0.04850182374906895
I42,interior,magic,M,0.6110897190714388,0.7039105749847023
I42,interior,magic,X,0.2149395719856023,0.2475876012662287
I42,interior,entanglement,E,0.16111087363586946,0.5152250067367246
I42,interior,entanglement,M,0.151589153593584,0.4847749932632733
I42,interior,entanglement,X,6.439293542825909e-16,2.0592558305410255e-15
I43,interior,magic,E,-0.004152844817579418,0.004611143088912222
I43,interior,magic,M,0.46695248462895667,0.518484272090436
I43,interior,magic,X,0.4295053732586543,0.4769045848206518
I43,interior,entanglement,E,0.30346392770802566,0.5582214920174674
I43,interior,entanglement,M,-0.007625926950699539,0.01402788249854689
I43,interior,entanglement,X,0.23253652312776454,0.42775062548398585
I44,interior,magic,E,0.1521585072534087,0.18489158131318773
I44,interior,magic,M,0.44420097855489077,0.53975964162884
I44,interior,magic,X,0.22660122539719085,0.2753487770579723
I44,interior,entanglement,E,0.39129616621569885,0.5270063492708567
I44,interior,entanglement,M,0.35119235741799026,0.4729936507291429
I44,interior,entanglement,X,3.108624468950438e-16,4.1867643337260444e-16
I45,interior,magic,E,0.11503835004929004,0.1341547633564274
I45,interior,magic,M,0.7424664240723103,0.8658452366435725
I45,interior,magic,X,0.0,0.0
I45,interior,entanglement,E,0.4288183330403452,0.4903530250810179
I45,interior,entanglement,M,0.4456910736661686,0.5096469749189821
I45,interior,entanglement,X,0.0,0.0
I51,interior,magic,E,0.19698883366420006,0.17111669976930807
I51,interior,magic,M,0.5244825425725623,0.4555980158988214
I51,interior,magic,X,0.4297244680599757,0.37328528433187064
I51,interior,entanglement,E,0.1341783070571771,0.5149253731343267
I51,interior,entanglement,M,0.12639985447415233,0.48507462686567016
I51,interior,entanglement,X,7.919590908992783e-16,3.0392381550518317e-15
I52,interior,magic,E,0.05942148226241875,0.05424988798466086
I52,interior,magic,M,0.5955342236465908,0.5437034502300286
I52,interior,magic,X,0.4403734177054052,0.40204666178531057
I52,interior,entanglement,E,0.1805684021703859,0.5026300646525007
I52,interior,entanglement,M,-0.004644630562562356,0.012928790042373055
I52,interior,entanglement,X,0.1740340853144451,0.4844411453051262
I53,interior,magic,E,0.14784364301496716,0.13645362100300612
I53,interior,magic,M,0.7518252472946467,0.6939038788732316
I53,interior,magic,X,0.18380285582829267,0.1696425001237622
I53,interior,entanglement,E,0.2464999551501162,0.5544422753465958
I53,interior,entanglement,M,0.030172471180090324,0.06786570635978868
I53,interior,entanglement,X,0.16791841046343964,0.37769201829361554
I54,interior,magic,E,0.3839871534434044,0.35900078046824574
I54,interior,magic,M,0.3216802202552488,0.3007482127910629
I54,interior,magic,X,0.3639323997128944,0.3402510067406913
I54,interior,entanglement,E,0.3567403245767464,0.488926041705223
I54,interior,entanglement,M,0.29698756428694123,0.4070326347736765
I54,interior,entanglement,X,0.07591278098598186,0.10404132352110038
I55,interior,magic,E,-1.1842378929335003e-16,1.3902871813507962e-16
I55,interior,magic,M,0.829488885684584,0.9738142747514594
I55,interior,magic,X,0.022304836374264614,0.026185725248540417
I55,interior,entanglement,E,0.36933710857795854,0.5165611366039606
I55,interior,entanglement,M,0.3456549463917583,0.4834388633960391
I55,interior,entanglement,X,-2.220446049250313e-16,3.105553458694528e-16
