partition,K,gate_1_based,gate_0_based,gate_name,group,group_name,mean_owen,std_owen,num_runs,run_values
architecture,1,2,1,P,B1,feature map block 1,-0.0026562499999999976,0.022061703243403483,5,"[-0.02421874999999999, 0.010937500000000003, 0.029687500000000002, -1.0408340855860843e-17, -0.02968749999999999]"
architecture,1,4,3,P,B1,feature map block 1,0.018437499999999996,0.010441896529127265,5,"[0.0265625, 0.023437499999999986, 0.029687500000000002, 0.010156249999999986, 0.002343749999999997]"
architecture,1,5,4,CX,B1,feature map block 1,0.009374999999999998,0.025991096732823724,5,"[0.032812499999999994, 0.027343749999999993, -1.734723475976807e-18, 0.024218750000000004, -0.037500000000000006]"
architecture,1,6,5,P,B1,feature map block 1,0.0009375000000000008,0.009156303327489759,5,"[-0.00546875, 0.012500000000000002, 0.006249999999999996, -0.013281250000000001, 0.004687500000000008]"
architecture,1,7,6,CX,B1,feature map block 1,0.012499999999999997,0.015148999554426026,5,"[0.02578124999999999, -0.000781249999999999, -0.0078125, 0.013281249999999998, 0.03203125]"
architecture,1,8,7,H,B2,feature map block 2,0.008984375,0.0036830779894759867,5,"[0.007421875000000006, 0.012890625000000006, 0.010742187499999995, 0.0025390625000000066, 0.011328124999999988]"
architecture,1,9,8,P,B2,feature map block 2,-0.0026171875000000023,0.002874745233277206,5,"[0.0011718750000000006, -0.0058593750000000035, -0.0023437500000000003, -0.005859375000000009, -0.00019531249999999996]"
architecture,1,10,9,H,B2,feature map block 2,-0.0023828125000000004,0.005906580678573689,5,"[-0.013085937500000006, 0.004882812499999998, -0.0021484375000000036, -0.001757812499999994, 0.00019531250000000364]"
architecture,1,11,10,P,B2,feature map block 2,-0.0017187499999999968,0.009794800169046965,5,"[-0.013281249999999998, -0.009179687499999999, 0.007421875000000003, 0.012109374999999999, -0.005664062499999989]"
architecture,1,12,11,CX,B2,feature map block 2,0.0008203125000000007,0.005333712246468213,5,"[-0.006835937499999994, 0.008593750000000002, -0.0015625000000000005, -0.0007812500000000016, 0.004687499999999997]"
architecture,1,13,12,P,B2,feature map block 2,0.003242187500000003,0.002032001063068744,5,"[0.005664062500000002, 0.0009765625000000037, 0.003710937499999999, 0.005078125000000009, 0.0007812499999999994]"
architecture,1,14,13,CX,B2,feature map block 2,0.006093749999999999,0.006623829864233572,5,"[0.014062500000000007, 0.0019531249999999972, 0.007226562499999998, 0.011523437499999997, -0.004296875000000005]"
architecture,1,15,14,RY,C,trainable classifier,0.011093749999999996,0.018661248283542018,5,"[0.023437499999999993, -0.017968750000000006, 0.03749999999999999, 0.006249999999999997, 0.006249999999999999]"
architecture,1,16,15,RY,C,trainable classifier,0.009843750000000002,0.011055170594567952,5,"[0.020312499999999997, 0.01796874999999999, -0.010937499999999992, 0.010156250000000004, 0.011718750000000003]"
architecture,1,17,16,CX,C,trainable classifier,0.011718750000000003,0.012103072956898171,5,"[-0.004687499999999988, 0.028906249999999994, 0.004687500000000006, 0.0078125, 0.021875]"
architecture,1,18,17,RY,C,trainable classifier,0.014687499999999997,0.018953324658882414,5,"[-0.014062500000000012, 0.03671875000000001, 0.01874999999999999, 0.03125000000000001, 0.0007812499999999981]"
architecture,1,19,18,RY,C,trainable classifier,-0.00046874999999999727,0.009727739010170862,5,"[-0.006249999999999999, 0.01875, -0.0062499999999999995, -0.006249999999999992, -0.002343749999999996]"
architecture,8,2,1,P,B1,feature map block 1,0.015957031249999996,0.009059342459086949,5,"[0.01435546875, 0.005371093749999999, 0.01103515625, 0.016601562500000007, 0.03242187499999999]"
architecture,8,4,3,P,B1,feature map block 1,0.0176171875,0.006157023269963744,5,"[0.019433593750000006, 0.015624999999999995, 0.016308593749999996, 0.008886718750000001, 0.027832031250000007]"
architecture,8,5,4,CX,B1,feature map block 1,0.005546874999999994,0.009618104520658555,5,"[0.02041015624999999, 0.004882812499999997, 0.010644531249999995, -0.007910156250000015, -0.0002929687500000007]"
architecture,8,6,5,P,B1,feature map block 1,-0.009570312500000008,0.008927298318832945,5,"[-0.021289062500000004, 0.004296874999999995, -0.005664062500000007, -0.008398437500000005, -0.016796875000000013]"
architecture,8,7,6,CX,B1,feature map block 1,0.0063867187500000035,0.007620091593835171,5,"[0.00517578125, 0.009277343750000003, 0.005371093750000002, -0.005761718749999987, 0.017871093749999997]"
architecture,8,8,7,H,B2,feature map block 2,0.007348632812499997,0.005020067950696908,5,"[0.006127929687499995, 0.013427734374999993, 0.0008789062499999936, 0.012866210937499997, 0.0034423828125000025]"
architecture,8,9,8,P,B2,feature map block 2,0.0024609375000000013,0.002470548722942262,5,"[-0.0001220703125, 0.006469726562500002, 0.0022705078125000006, 0.0037109375000000016, -2.441406249999666e-05]"
architecture,8,10,9,H,B2,feature map block 2,0.0024267578124999994,0.0026809086366685613,5,"[0.0014404296874999947, 0.002685546875000004, -0.0012695312500000068, 0.0070312500000000045, 0.0022460937500000016]"
architecture,8,11,10,P,B2,feature map block 2,-0.002392578124999998,0.0021427147681758246,5,"[-0.0012939453125000036, -0.006518554687499995, -0.00034179687499999835, -0.0020507812499999936, -0.0017578125000000003]"
architecture,8,12,11,CX,B2,feature map block 2,0.00263671875,0.005945353083027141,5,"[-0.0016845703124999992, 0.0031249999999999984, -0.004980468749999998, 0.004223632812500001, 0.012499999999999997]"
architecture,8,13,12,P,B2,feature map block 2,0.006362304687499999,0.003069134124519814,5,"[0.0004394531249999941, 0.007397460937499991, 0.009301757812500002, 0.006884765625000006, 0.0077880859375]"
architecture,8,14,13,CX,B2,feature map block 2,0.001367187499999999,0.003765943331737275,5,"[-0.00019531250000000408, 0.0032226562499999972, 0.0006591796875000009, 0.007250976562500001, -0.004101562500000001]"
architecture,8,15,14,RY,C,trainable classifier,0.02291015625,0.005419913077132502,5,"[0.03291015625000001, 0.022363281250000006, 0.01865234375, 0.017578125, 0.023046875]"
architecture,8,16,15,RY,C,trainable classifier,0.0010546875000000048,0.006596648966550412,5,"[-0.005371093749999995, 0.001855468750000002, -0.005273437499999994, 0.0013671875000000064, 0.012695312500000003]"
architecture,8,17,16,CX,C,trainable classifier,0.0007617187499999985,0.0030297999108852064,5,"[-0.0035156250000000005, -0.00029296875000000243, 0.0037109375000000016, -0.0007812500000000042, 0.004687499999999998]"
architecture,8,18,17,RY,C,trainable classifier,0.009667968750000002,0.006559999988835035,5,"[0.012109375000000002, 0.0029296874999999974, 0.0008789062500000003, 0.015527343750000012, 0.016894531249999997]"
architecture,8,19,18,RY,C,trainable classifier,-0.003125,0.0073700389663307955,5,"[-0.006640625000000002, -0.004687499999999992, 0.009472656249999994, -0.012792968749999988, -0.0009765625000000113]"
architecture,16,2,1,P,B1,feature map block 1,0.014199218749999996,0.007219393086378148,5,"[0.01821289062499999, 0.019824218749999994, 0.00034179687499998404, 0.013867187500000003, 0.018750000000000003]"
architecture,16,4,3,P,B1,feature map block 1,0.018251953124999998,0.004500713715645039,5,"[0.0189453125, 0.013720703124999997, 0.014257812499999982, 0.018066406250000014, 0.02626953125000001]"
architecture,16,5,4,CX,B1,feature map block 1,0.005283203125000002,0.007179122686740326,5,"[0.00043945312500000885, 0.014697265625000011, 0.01215820312500001, 0.0036132812499999898, -0.004492187500000009]"
architecture,16,6,5,P,B1,feature map block 1,-0.0119921875,0.005996173274106205,5,"[-0.008203124999999985, -0.004882812500000003, -0.02192382812500001, -0.015283203125000009, -0.00966796875]"
architecture,16,7,6,CX,B1,feature map block 1,0.012685546875,0.008532407130203465,5,"[0.00532226562499999, 0.006396484374999999, 0.006005859375000005, 0.025927734375000008, 0.019775390624999997]"
architecture,16,8,7,H,B2,feature map block 2,0.008403320312499997,0.005331148067452454,5,"[0.013781738281249992, 0.011804199218749999, 0.012023925781249998, -0.00020751953125000013, 0.0046142578124999944]"
architecture,16,9,8,P,B2,feature map block 2,0.001577148437499999,0.0010503552789440421,5,"[-0.00045166015625000295, 0.001806640625000002, 0.002575683593749998, 0.0020996093749999964, 0.0018554687500000003]"
architecture,16,10,9,H,B2,feature map block 2,0.0028417968750000014,0.0017406456115707666,5,"[0.0016723632812500003, 0.0041625976562500045, 9.765625000000399e-05, 0.0033813476562499943, 0.004895019531250005]"
architecture,16,11,10,P,B2,feature map block 2,0.0007202148437499977,0.002494837676216661,5,"[-0.001806640624999999, -0.0018188476562500016, 0.0006103515624999987, 0.0017456054687500005, 0.004870605468749989]"
architecture,16,12,11,CX,B2,feature map block 2,0.006203613281249997,0.0021924235928487325,5,"[0.009826660156250003, 0.0034912109374999967, 0.005261230468750001, 0.007373046874999996, 0.005065917968749995]"
architecture,16,13,12,P,B2,feature map block 2,0.004885253906249999,0.0022092419920168925,5,"[0.0036865234375, 0.007360839843749993, 0.004284667968749997, 0.0016967773437499998, 0.007397460937500002]"
architecture,16,14,13,CX,B2,feature map block 2,0.003276367187500003,0.0014893898827197014,5,"[0.0038940429687500003, 0.0008300781250000049, 0.00520019531250001, 0.0025146484374999997, 0.0039428710937500005]"
architecture,16,15,14,RY,C,trainable classifier,0.020156250000000007,0.011267618582274834,5,"[0.033447265625000014, 0.006494140624999997, 0.014941406250000002, 0.03364257812500001, 0.012255859374999994]"
architecture,16,16,15,RY,C,trainable classifier,0.005488281249999996,0.002717336703871465,5,"[0.005517578124999992, 0.0052734375, 0.004833984374999994, 0.001660156249999995, 0.010156249999999999]"
architecture,16,17,16,CX,C,trainable classifier,0.007841796875000001,0.001932656417379121,5,"[0.007568359374999994, 0.008886718750000001, 0.004199218750000014, 0.009033203124999997, 0.009521484375]"
architecture,16,18,17,RY,C,trainable classifier,0.011845703124999996,0.0035272161348731345,5,"[0.009326171875000002, 0.013916015625000003, 0.017822265624999993, 0.00854492187499999, 0.009619140624999998]"
architecture,16,19,18,RY,C,trainable classifier,0.0017578125,0.0025611270855313267,5,"[-0.0006347656250000003, 0.006103515624999998, 0.0007324218749999957, 0.0031250000000000036, -0.0005371093749999981]"
architecture,32,2,1,P,B1,feature map block 1,0.0150390625,0.00783024108671465,5,"[0.01979980468749999, 0.009619140625000001, 0.014428710937499995, 0.004418945312500006, 0.02692871093750001]"
architecture,32,4,3,P,B1,feature map block 1,0.014287109374999996,0.007131170044032004,5,"[0.014184570312499986, 0.0061523437499999955, 0.021826171875, 0.006542968749999999, 0.02272949218749999]"
architecture,32,5,4,CX,B1,feature map block 1,0.004370117187499999,0.005570238367044832,5,"[0.007031250000000005, 0.007104492187499995, 0.010864257812500003, 0.0021484374999999906, -0.005297851562500005]"
architecture,32,6,5,P,B1,feature map block 1,-0.0072656249999999995,0.005114745511075445,5,"[-0.009082031249999997, 0.002197265625000007, -0.006542968750000007, -0.010351562500000001, -0.012548828124999998]"
architecture,32,7,6,CX,B1,feature map block 1,0.005854492187499996,0.005589901244736199,5,"[0.0005859374999999988, 0.008544921874999991, 0.012573242187499997, 0.009594726562499996, -0.002026367187500002]"
architecture,32,8,7,H,B2,feature map block 2,0.0098388671875,0.0037682039760476107,5,"[0.004479980468749997, 0.013006591796875007, 0.011029052734374998, 0.006445312499999998, 0.014233398437499996]"
architecture,32,9,8,P,B2,feature map block 2,0.001977539062500002,0.002079653271193525,5,"[0.0014404296874999992, 0.00377197265625, 0.0034179687500000026, -0.0018615722656249987, 0.0031188964843750066]"
architecture,32,10,9,H,B2,feature map block 2,0.0032507324218749994,0.0035245434702144596,5,"[0.0028076171874999974, 0.005358886718750005, -0.0006713867187500004, -6.713867187499857e-05, 0.008825683593749994]"
architecture,32,11,10,P,B2,feature map block 2,-0.0018566894531249986,0.0011038180586675631,5,"[-0.0019531249999999954, -0.002368164062500003, 0.0002929687500000035, -0.0027038574218750016, -0.002551269531249997]"
architecture,32,12,11,CX,B2,feature map block 2,0.004007568359374996,0.0032230460191317993,5,"[0.0015380859374999965, 0.007006835937499995, 3.0517578124997615e-05, 0.002984619140624998, 0.008477783203124995]"
architecture,32,13,12,P,B2,feature map block 2,0.007147216796875003,0.0023007485301568416,5,"[0.007037353515625006, 0.008282470703124998, 0.002752685546874998, 0.009130859374999998, 0.008532714843750013]"
architecture,32,14,13,CX,B2,feature map block 2,0.003774414062499997,0.0025226490926773914,5,"[0.00012207031249999913, 0.0065795898437499955, 0.0026367187500000015, 0.0066833496093749965, 0.0028503417968749937]"
architecture,32,15,14,RY,C,trainable classifier,0.02423828125,0.008669645005540582,5,"[0.034692382812500006, 0.033789062499999994, 0.012988281249999995, 0.022143554687499994, 0.017578124999999993]"
architecture,32,16,15,RY,C,trainable classifier,0.003476562499999998,0.004410469145440853,5,"[0.0017089843749999948, -0.0006347656249999969, 0.010791015625000008, 0.006127929687499991, -0.0006103515625000078]"
architecture,32,17,16,CX,C,trainable classifier,0.004291992187499999,0.002333473564657017,5,"[0.0030517578125, 0.0018798828124999938, 0.004809570312499997, 0.008569335937499999, 0.003149414062500005]"
architecture,32,18,17,RY,C,trainable classifier,0.011538085937500005,0.005306015545054078,5,"[0.006494140625, 0.008496093750000013, 0.011254882812499999, 0.009765624999999991, 0.021679687500000017]"
architecture,32,19,18,RY,C,trainable classifier,-0.000385742187500002,0.0030394242961258185,5,"[-0.003344726562500013, 0.00034179687500001093, 0.004370117187500002, -0.004003906250000013, 0.0007080078125000023]"
