benchmark_id,family_role,selection_mode,target_magic_level,target_ent_level,candidate_uid,basis_gates,num_qubits,num_gates,num_touched_qubits,num_two_qubit_gates,num_parameterized_gates,sre,entanglement_q,sre_norm,ent_norm,expressibility_kl,expr_num_pairs,expr_num_bins,expr_seed,selection_distance
M1,magic_axis,exact,1,0,manual_magic_candidate_00450,manual_local_rotations,5,10,5,0,10,0.1965984999615391,6.661338147750939e-16,0.09927014782531342,6.661338147750939e-16,1.2042107366057127,1000,75,123,0.0007298521746875869
M2,magic_axis,exact,2,0,manual_magic_candidate_00235,manual_local_rotations,5,10,5,0,10,0.5942231024631037,4.440892098500626e-16,0.30004611039386725,4.440892098500626e-16,0.9373878666794397,1000,75,124,4.611039386792637e-05
M3,magic_axis,exact,3,0,manual_magic_candidate_01017,manual_local_rotations,5,10,5,0,10,0.9899393563627013,1.3322676295501878e-15,0.49985847431921393,1.3322676295501878e-15,0.46685511381112704,1000,75,125,0.00014152568078806826
M4,magic_axis,exact,4,0,manual_magic_candidate_02435,manual_local_rotations,5,15,5,0,15,1.383916293234678,0.0,0.6987925901476485,0.0,0.2850681135866902,1000,75,126,0.0012074098523514598
M5,magic_axis,exact,5,0,manual_magic_candidate_01310,manual_local_rotations,5,15,5,0,15,1.6946363970935745,2.220446049250313e-15,0.8556871272290794,2.220446049250313e-15,0.3057947752419021,1000,75,127,0.044312872770923994
E1,entanglement_axis,exact,0,1,manual_E1,manual_clifford_ghz_axis,5,5,5,0,0,3.552713678800501e-15,1.7763568394002505e-15,1.79390184637489e-15,1.7763568394002505e-15,34.538776394910684,1000,75,128,0.0
E2,entanglement_axis,exact,0,2,manual_E2,manual_clifford_ghz_axis,5,5,5,1,0,3.552713678800501e-15,0.40000000000000213,1.79390184637489e-15,0.40000000000000213,34.538776394910684,1000,75,129,0.0
E3,entanglement_axis,exact,0,3,manual_E3,manual_clifford_ghz_axis,5,5,5,2,0,8.881784197001252e-16,0.6000000000000012,4.484754615937225e-16,0.6000000000000012,34.538776394910684,1000,75,130,0.0
E4,entanglement_axis,exact,0,4,manual_E4,manual_clifford_ghz_axis,5,5,5,3,0,8.881784197001252e-16,0.8000000000000012,4.484754615937225e-16,0.8000000000000012,34.538776394910684,1000,75,131,0.0
E5,entanglement_axis,exact,0,5,manual_E5,manual_clifford_ghz_axis,5,5,5,4,0,4.440892098500626e-16,1.0,2.2423773079686127e-16,1.0,34.538776394910684,1000,75,132,0.0
I11,interior,exact,1,1,pool_03319,rotations+cx,5,10,5,4,6,0.20346961068588243,0.09471775319541598,0.1027396360333267,0.09471775319541598,6.7136866577617385,1000,75,133,0.005950440059326721
I12,interior,estimate,1,2,pool_20774,clifford,5,19,5,4,5,0.22875674202156482,0.2879029390792831,0.11550808170438925,0.2879029390792831,3.1266738432890255,1000,75,134,0.019668235331863106
I13,interior,estimate,1,3,pool_29156,clifford,5,17,5,5,4,0.17618303310731065,0.4823012522148631,0.08896159301467894,0.4823012522148631,16.455294897882006,1000,75,135,0.020858861472656497
I14,interior,estimate,1,4,pool_10491,rotations+cx,5,15,5,5,10,0.23864162954802426,0.6944842600276617,0.12049934179121694,0.6944842600276617,2.5591632891073957,1000,75,136,0.02122843379327789
I15,interior,exact,1,5,pool_09497,rotations+cx,5,12,5,4,8,0.3281967827680554,0.8155478494633743,0.16571918477277722,0.8155478494633743,1.0251146508269038,1000,75,137,0.10701017230833394
I21,interior,estimate,2,1,pool_12781,clifford,5,20,5,3,8,0.5949147223404938,0.10142690698392154,0.30039533588379147,0.10142690698392154,4.793108871615485,1000,75,138,0.0014806599885784845
I22,interior,estimate,2,2,pool_14579,rotations+cx,5,22,5,3,19,0.5982904252681309,0.2989744501730207,0.30209985819045426,0.2989744501730207,0.40571869572734665,1000,75,139,0.0023369118228198345
I23,interior,estimate,2,3,pool_10537,rotations+cx,5,19,5,4,15,0.5924113592723672,0.49475549739382063,0.2991312915402081,0.49475549739382063,0.4136733633538844,1000,75,140,0.0053159629395186855
I24,interior,estimate,2,4,pool_11551,clifford,5,26,5,8,9,0.5854890471097183,0.6969653165309695,0.29563594975574103,0.6969653165309695,1.6089061494293733,1000,75,141,0.0053154715963518616
I25,interior,estimate,2,5,pool_22948,rotations+cx,5,19,5,6,13,0.5984202462337911,0.9031920359308989,0.3021654097915826,0.9031920359308989,0.31484799413568737,1000,75,142,0.003857213106587619
I31,interior,estimate,3,1,pool_13421,rotations+cx,5,17,5,4,13,0.9970798437932493,0.10054611061179419,0.5034639811919214,0.10054611061179419,0.5200879646464079,1000,75,143,0.003506765247104407
I32,interior,estimate,3,2,pool_02858,rotations+cx,5,20,5,6,14,0.9883505979865865,0.2961450979093161,0.4990562490790088,0.2961450979093161,1.0322148744542026,1000,75,144,0.0039687448808950684
I33,interior,exact,3,3,pool_28044,rotations+cx,5,15,5,4,11,0.980683238382507,0.5023495086107661,0.4951847041716178,0.5023495086107661,0.5198949381920797,1000,75,145,0.005357916071281728
I34,interior,estimate,3,4,pool_12798,rotations+cx,5,26,5,8,18,0.9888667327973439,0.7028835795045516,0.49931686540604947,0.7028835795045516,0.15675639806573866,1000,75,146,0.0029633939381260603
I35,interior,estimate,3,5,pool_27633,rotations+cx,5,16,5,5,11,0.9922759353964286,0.891601125224794,0.5010383029859078,0.891601125224794,0.6008782300335529,1000,75,147,0.008462811032992394
I41,interior,estimate,4,1,pool_08965,rotations+cx,5,17,5,4,13,1.3826712903449043,0.09829648806323443,0.6981639402803557,0.09829648806323443,0.38319232881412624,1000,75,148,0.0025046093932593683
I42,interior,estimate,4,2,pool_13734,rotations+cx,5,28,5,9,19,1.3954741585916106,0.300667314372562,0.7046286011179876,0.300667314372562,0.29452827038492824,1000,75,149,0.00467645771725402
I43,interior,estimate,4,3,pool_03736,rotations+cx,5,24,5,3,21,1.3823248334225018,0.49498145233372304,0.6979890008484235,0.49498145233372304,0.16918625075906238,1000,75,150,0.005406471887130744
I44,interior,estimate,4,4,pool_18584,rotations+cx,5,19,5,4,15,1.3875352787908741,0.7022202432561153,0.7006199552150907,0.7022202432561153,0.2536239231791865,1000,75,151,0.0023051734392543948
I45,interior,estimate,4,5,pool_28128,rotations+cx,5,26,5,7,19,1.3661114995901191,0.8944636356890716,0.6898022647004027,0.8944636356890716,0.2111415772163859,1000,75,152,0.011603669032852197
I51,interior,exact,5,1,pool_19899,rotations+cx,5,16,5,4,12,1.4827812517326673,0.12354766135983941,0.7487133120593562,0.12354766135983941,0.3876171649591589,1000,75,153,0.1531083090611591
I52,interior,estimate,5,2,pool_24175,rotations+cx,5,26,5,5,21,1.7267153921865401,0.28962044840575274,0.8718850462650293,0.28962044840575274,0.11987683364563219,1000,75,154,0.02996974665920929
I53,interior,estimate,5,3,pool_22347,rotations+cx,5,30,5,6,24,1.7873352425995024,0.4996137572812205,0.9024943414164186,0.4996137572812205,0.13256624183051674,1000,75,155,0.0025240686479315946
I54,interior,estimate,5,4,pool_04436,rotations+cx,5,25,5,13,12,1.7973740630751212,0.6861914172692498,0.9075633281726828,0.6861914172692498,0.22909938144310177,1000,75,156,0.015744233550086466
I55,interior,exact,5,5,pool_05205,rotations+cx,5,15,5,6,9,1.4443632982940122,0.7754101601438397,0.7293146090288275,0.7754101601438397,0.3416715789743254,1000,75,157,0.2113199727578198
